customer_id,frequency,recency,T,actual_avg_spend_training,predicted_monetary_value
9658,4.0,178.0,237.0,1633.3449999999998,1677.7254486529803
9959,4.0,158.0,195.0,1674.7575,1707.0187545139752
4083,4.0,173.0,190.0,1610.4825,1661.553563225941
7961,3.0,104.0,115.0,2532.65,2267.358722226566
1334,3.0,152.0,183.0,1288.1766666666667,1464.611183079952
4631,3.0,216.0,249.0,1903.8633333333335,1861.7598750717787
6088,3.0,87.0,213.0,1580.0666666666666,1652.8948312107607
9385,3.0,181.0,218.0,455.3666666666666,927.407082220662
6743,2.0,127.0,226.0,906.6500000000001,1303.2686874627138
7943,2.0,89.0,193.0,1653.995,1713.3925099830792
7923,2.0,128.0,164.0,2140.405,1980.321877961897
6276,2.0,75.0,105.0,1792.745,1789.5349614274614
4786,2.0,142.0,189.0,1896.125,1846.2672614657988
9197,2.0,143.0,212.0,794.22,1241.5699788797042
3438,2.0,115.0,162.0,1029.38,1370.6197726214048
3402,2.0,96.0,191.0,723.2049999999999,1202.598763100803
1360,2.0,169.0,198.0,1803.98,1795.7004420903506
2648,2.0,70.0,113.0,863.61,1279.6494362182732
1350,2.0,49.0,232.0,671.62,1174.2902343962364
4818,2.0,186.0,200.0,1188.815,1458.1136230432733
3128,2.0,112.0,240.0,519.13,1090.6076223547693
7882,2.0,103.0,133.0,3632.52,2799.1564288587015
5595,2.0,199.0,248.0,1454.575,1603.9559141846069
6947,2.0,248.0,254.0,1363.13,1553.7732369065275
7171,2.0,185.0,209.0,1979.8249999999998,1892.199680823592
1316,2.0,166.0,183.0,568.5,1117.7006157083504
5669,2.0,118.0,243.0,1126.14,1423.7191859674122
7189,2.0,23.0,45.0,1840.6100000000001,1815.8020492716792
8653,2.0,49.0,139.0,491.385,1075.3818759380226
6341,2.0,115.0,233.0,3559.75,2759.222113964229
3593,2.0,100.0,217.0,1527.285,1643.8573026135819
5979,2.0,75.0,157.0,1184.27,1455.6194432824454
5952,2.0,172.0,198.0,2894.87,2394.352974387001
2509,2.0,205.0,234.0,2459.58,2155.4769550052115
3638,2.0,37.0,239.0,3420.06,2682.563814560508
4884,2.0,88.0,158.0,1216.755,1473.4463804728732
1941,2.0,56.0,173.0,765.1,1225.5896676288216
7986,2.0,95.0,168.0,1214.09,1471.9838966307075
9639,2.0,20.0,180.0,1045.545,1379.490711198691
4443,2.0,203.0,208.0,2373.18,2108.0628447003864
2994,2.0,80.0,108.0,5789.835,3983.0357271486732
1661,2.0,225.0,249.0,4877.425,3482.3284541946828
4546,2.0,84.0,175.0,968.165,1337.026546205772
3052,2.0,80.0,150.0,1387.35,1567.0645534757793
6992,2.0,125.0,214.0,267.205,952.3576253808875
2939,2.0,145.0,255.0,2233.105,2031.193267143114
1608,2.0,44.0,208.0,2006.75,1906.9754322119938
2936,2.0,67.0,98.0,1108.33,1413.9455134612858
9348,2.0,206.0,210.0,1772.71,1778.540265826097
7015,2.0,142.0,172.0,2943.93,2421.275847668898
8161,2.0,204.0,215.0,916.53,1308.6905787799715
8160,2.0,78.0,103.0,1249.575,1491.4571570956043
6135,2.0,172.0,252.0,2828.8450000000003,2358.120142987988
1765,2.0,93.0,201.0,1200.3400000000001,1464.438248289374
2488,2.0,117.0,214.0,575.775,1121.6929496489454
9336,2.0,111.0,123.0,1736.4700000000003,1758.6526806704646
9538,2.0,103.0,141.0,571.74,1119.4786448447774
1773,2.0,178.0,245.0,1301.39,1519.891903917881
9321,2.0,98.0,133.0,527.305,1095.0938532777081
1506,2.0,39.0,76.0,3162.4300000000003,2541.1830594930175
8079,2.0,38.0,231.0,342.455,993.6529008489262
4392,2.0,128.0,250.0,1260.72,1497.5732480602728
8051,2.0,71.0,157.0,1109.275,1414.4641052927464
6085,2.0,206.0,221.0,4998.02,3548.5079059563895
8501,2.0,171.0,210.0,584.3050000000001,1126.3739954926973
9614,2.0,117.0,147.0,1542.725,1652.3303797328633
8000,2.0,218.0,242.0,2926.0499999999997,2411.4637609530355
9636,2.0,98.0,174.0,2113.345,1965.472042026141
3658,2.0,107.0,153.0,1553.4850000000001,1658.2351925439746
9395,2.0,77.0,143.0,1890.31,1843.0761381854475
6459,2.0,99.0,125.0,679.635,1178.6886614112088
4004,2.0,20.0,205.0,5240.1,3681.355218717854
5740,2.0,63.0,76.0,3045.59,2477.0642556965463
9883,2.0,27.0,77.0,728.0600000000001,1205.2630629333237
7508,2.0,132.0,230.0,1145.9950000000001,1434.615102172299
6511,2.0,129.0,171.0,887.3499999999999,1292.6773410636008
1042,2.0,89.0,118.0,1649.0500000000002,1710.6788204523207
7512,2.0,65.0,242.0,2191.55,2008.388945919541
6599,2.0,157.0,221.0,1813.76,1801.0674559651306
2151,2.0,173.0,216.0,3085.75,2499.1030365974775
3767,2.0,105.0,181.0,3589.495,2775.5454092306327
5148,2.0,185.0,238.0,1781.97,1783.62191699997
2417,2.0,106.0,109.0,1453.9499999999998,1603.612930169082
7549,2.0,185.0,219.0,1636.47,1703.7752381880277
9068,2.0,186.0,252.0,1849.935,1820.919370783164
6545,2.0,57.0,216.0,2419.29,2133.366833429046
2155,2.0,27.0,197.0,650.24,1162.557437193496
5221,2.0,164.0,195.0,1815.85,1802.2143945130151
3793,2.0,150.0,235.0,1066.36,1390.9134508514144
6436,2.0,46.0,134.0,670.865,1173.8759097054963
3934,2.0,107.0,135.0,1286.155,1511.531325555679
7719,2.0,101.0,147.0,923.7049999999999,1312.6280352780848
9859,2.0,61.0,226.0,1167.44,1446.3835697126522
2418,2.0,60.0,183.0,1172.765,1449.3057935248444
4721,1.0,100.0,189.0,1395.15,1637.77069161547
2801,1.0,129.0,137.0,53.64,1128.3282895421403
4649,1.0,2.0,141.0,440.78,1275.3458529883048
5018,1.0,118.0,135.0,1772.3,1780.9945229264165
2753,1.0,46.0,251.0,1185.45,1558.1364945429361
2756,1.0,54.0,129.0,561.05,1321.0187422678196
6781,1.0,109.0,132.0,1940.89,1845.0170755466327
2798,1.0,183.0,241.0,1168.86,1551.8363928289007
6840,1.0,59.0,160.0,1622.95,1724.2784173814382
8421,1.0,1.0,145.0,2608.88,2098.6882596309565
2335,1.0,94.0,105.0,2653.42,2115.6024567583386
6838,1.0,116.0,241.0,2565.68,2082.282931478686
2799,1.0,41.0,130.0,349.62,1240.7275725632628
6819,1.0,130.0,185.0,3906.13,2591.3227954075473
6547,1.0,7.0,169.0,1025.37,1497.3456396675358
8433,1.0,83.0,145.0,607.71,1338.7380156841464
2824,1.0,209.0,220.0,712.28,1378.4487833898033
8460,1.0,29.0,108.0,265.87,1208.9232616198874
4716,1.0,112.0,155.0,996.77,1486.484704825977
2821,1.0,30.0,184.0,1312.42,1606.3537286979151
5026,1.0,134.0,192.0,2107.9,1908.4396184797993
2770,1.0,74.0,219.0,853.79,1432.1876256775113
6803,1.0,27.0,252.0,3198.28,2322.514658078989
2780,1.0,44.0,171.0,3141.87,2301.0927932394056
2810,1.0,123.0,196.0,1234.23,1576.660844248219
6787,1.0,110.0,246.0,1892.32,1826.5724739643097
4725,1.0,87.0,101.0,4894.37,2966.6098670096453
6786,1.0,145.0,243.0,852.99,1431.8838233043389
4903,1.0,117.0,229.0,1081.4,1518.6231983798586
2871,1.0,64.0,193.0,3451.65,2418.732667198061
4572,1.0,229.0,243.0,1941.17,1845.123406377258
2949,1.0,140.0,177.0,1831.33,1803.4113405382036
6932,1.0,1.0,57.0,1243.81,1580.2988776671787
6943,1.0,103.0,195.0,1627.65,1726.0632563239258
8937,1.0,130.0,195.0,768.86,1399.935206233692
2973,1.0,176.0,244.0,750.55,1392.9819294172978
4577,1.0,145.0,175.0,896.25,1448.311936634607
2215,1.0,84.0,111.0,2263.74,1967.6203207772917
2980,1.0,93.0,122.0,793.52,1409.2999143872848
2297,1.0,238.0,245.0,216.43,1190.1482749567206
4571,1.0,175.0,187.0,1857.0,1813.159599187959
2988,1.0,22.0,190.0,321.98,1230.2312005695321
8279,1.0,80.0,118.0,3634.65,2488.227460065372
6489,1.0,230.0,231.0,358.38,1244.054208549693
6485,1.0,113.0,118.0,593.95,1333.5126148652685
6479,1.0,46.0,212.0,1093.23,1523.1156759734151
4564,1.0,104.0,124.0,1359.27,1624.1451551778764
4596,1.0,146.0,247.0,2565.64,2082.2677413600222
8327,1.0,85.0,220.0,1230.8,1575.358291573168
5082,1.0,8.0,151.0,1027.13,1498.0140048885498
6497,1.0,216.0,248.0,1101.62,1526.3018033622448
2296,1.0,49.0,146.0,2091.08,1902.0521735834714
6861,1.0,24.0,165.0,1813.91,1796.7960438619937
8377,1.0,93.0,193.0,3074.22,2275.40250505649
2889,1.0,54.0,145.0,1843.56,1808.0557193183517
8904,1.0,195.0,198.0,2276.44,1972.4431834516886
4625,1.0,112.0,128.0,223.98,1193.0154098537057
4622,1.0,49.0,197.0,2039.46,1882.4493254533627
2913,1.0,109.0,189.0,738.02,1388.2236247472001
5048,1.0,115.0,223.0,138.96,1160.7288126428928
2260,1.0,50.0,167.0,3788.73,2546.739797141842
5059,1.0,183.0,189.0,353.0,1242.0111375899892
2916,1.0,41.0,198.0,3243.04,2339.512400858986
8341,1.0,19.0,155.0,1021.45,1495.857008038904
6899,1.0,45.0,195.0,2707.88,2136.283803313275
6902,1.0,73.0,89.0,1372.49,1629.1654893948548
5013,1.0,203.0,223.0,660.51,1358.7889723147173
2738,1.0,130.0,227.0,900.8,1450.0398126321184
2347,1.0,159.0,187.0,2184.32,1937.4603401788117
2585,1.0,49.0,79.0,1329.9,1612.9918105521263
4861,1.0,204.0,247.0,982.22,1480.9592991635793
8651,1.0,197.0,254.0,4851.65,2950.3868202812773
8644,1.0,40.0,175.0,1876.0,1820.3749055512324
2574,1.0,186.0,223.0,1141.56,1541.4691368437789
6705,1.0,76.0,96.0,751.44,1393.3199095574755
8636,1.0,51.0,67.0,2390.07,2015.5945130337225
4851,1.0,52.0,96.0,2296.92,1980.220524205362
6712,1.0,228.0,231.0,2086.04,1900.138218632363
2451,1.0,35.0,106.0,1622.98,1724.28980997043
6642,1.0,10.0,22.0,2467.48,2044.9911901695593
2590,1.0,116.0,198.0,699.23,1373.4930071771366
2431,1.0,106.0,164.0,1706.52,1756.0143727908376
8779,1.0,184.0,227.0,1361.22,1624.8856734625294
6714,1.0,77.0,145.0,535.8,1311.4299798639993
8629,1.0,76.0,126.0,2082.69,1898.8660461946304
8628,1.0,243.0,252.0,428.61,1270.724259386145
4863,1.0,52.0,81.0,133.21,1158.5452330855874
2453,1.0,124.0,231.0,3578.3,2466.8283804037674
2601,1.0,113.0,244.0,461.94,1283.3814257591982
2517,1.0,63.0,221.0,1410.56,1643.6226848290503
2462,1.0,15.0,212.0,1810.3,1795.4251356529626
6667,1.0,9.0,194.0,1150.26,1544.7729876522235
8715,1.0,37.0,213.0,197.6,1182.997526597754
8711,1.0,57.0,152.0,2281.5,1974.3647334621235
8694,1.0,13.0,83.0,1377.87,1631.2085603545536
4908,1.0,74.0,199.0,169.34,1172.2657077647968
4879,1.0,251.0,253.0,5256.15,3103.9968952256877
4876,1.0,142.0,180.0,1331.03,1613.420931404266
4864,1.0,61.0,183.0,2009.36,1871.0187611620693
2526,1.0,25.0,28.0,1729.68,1764.8094514947038
6691,1.0,107.0,157.0,606.79,1338.388642954977
6644,1.0,84.0,220.0,653.64,1356.1800694349413
4866,1.0,147.0,213.0,5837.4,3324.728306996816
8667,1.0,7.0,249.0,555.67,1318.9756713081172
2549,1.0,164.0,215.0,1859.23,1814.0064483032274
2551,1.0,57.0,195.0,701.41,1374.3208686440692
4846,1.0,218.0,248.0,4628.0,2865.4550693262377
4832,1.0,20.0,131.0,1620.42,1723.317642376223
2349,1.0,10.0,11.0,957.7,1471.6477564252878
4986,1.0,32.0,37.0,851.94,1431.4850826895195
6571,1.0,130.0,192.0,1575.43,1706.232556413928
4804,1.0,42.0,120.0,1190.02,1559.8719655997759
2710,1.0,196.0,228.0,524.08,1306.9792750967574
2378,1.0,12.0,69.0,2953.48,2229.551131882732
6754,1.0,1.0,204.0,1792.52,1788.6731279088062
4770,1.0,68.0,216.0,444.16,1276.6294180150373
2726,1.0,13.0,173.0,520.24,1305.5210237054491
5004,1.0,64.0,134.0,3919.77,2596.50262587044
2689,1.0,43.0,84.0,1528.92,1688.5702459425636
5010,1.0,223.0,226.0,1058.02,1509.7445740233625
2728,1.0,95.0,205.0,1518.56,1684.6360052097493
8546,1.0,91.0,147.0,453.98,1280.3585921459476
2469,1.0,195.0,236.0,1473.69,1667.5964896034375
6764,1.0,155.0,246.0,1445.48,1656.8836584188132
8531,1.0,55.0,201.0,1813.97,1796.8188290399733
4749,1.0,47.0,219.0,530.4,1309.3793138449614
6578,1.0,65.0,92.0,2150.09,1924.4613961359264
2688,1.0,138.0,138.0,808.5,1414.9886138252753
2607,1.0,186.0,255.0,1662.75,1739.3925854476608
6607,1.0,14.0,153.0,619.0,1343.0254266757968
8615,1.0,11.0,217.0,341.32,1237.5756229414128
2422,1.0,129.0,143.0,1180.13,1556.1162087612172
8614,1.0,128.0,251.0,1256.65,1585.1749057568843
2421,1.0,113.0,126.0,1184.21,1557.6656008644889
4830,1.0,88.0,255.0,539.72,1312.9186114926292
8608,1.0,84.0,238.0,6758.07,3674.3554706533446
2646,1.0,190.0,197.0,1359.12,1624.0881922329113
4822,1.0,110.0,123.0,6531.4,3588.2768657395045
8818,1.0,113.0,225.0,426.42,1269.8926003895358
8593,1.0,103.0,182.0,1081.14,1518.524462608569
6594,1.0,168.0,228.0,3287.97,2356.5747016433
2402,1.0,193.0,215.0,4536.36,2830.654507477275
2671,1.0,145.0,178.0,2759.71,2155.9663995663464
2680,1.0,50.0,226.0,633.84,1348.6609606984882
8811,1.0,1.0,136.0,653.62,1356.172474375616
4810,1.0,76.0,131.0,799.34,1411.510076652246
8613,1.0,32.0,43.0,665.78,1360.7902704481112
7892,1.0,32.0,171.0,2233.73,1956.2239342529842
3000,1.0,88.0,167.0,945.92,1467.1742664800609
3656,1.0,183.0,195.0,2011.74,1871.9225732223138
3613,1.0,14.0,216.0,5253.92,3103.1500461104106
4169,1.0,135.0,216.0,510.21,1301.712101451563
3621,1.0,92.0,250.0,3512.54,2441.855825327517
4168,1.0,32.0,92.0,4602.87,2855.911877278389
7249,1.0,82.0,152.0,4627.92,2865.4246890889167
3642,1.0,194.0,236.0,1018.77,1494.8392700887118
7744,1.0,64.0,147.0,2266.58,1968.6988192021179
7741,1.0,72.0,234.0,3145.9,2302.6231976943463
7254,1.0,186.0,191.0,112.38,1150.6349787936406
3665,1.0,27.0,107.0,2052.92,1887.5608003822792
4243,1.0,77.0,131.0,3846.85,2568.811039554123
3666,1.0,3.0,121.0,925.14,1459.2829998364487
4136,1.0,112.0,238.0,1126.4,1535.7120818718092
3680,1.0,24.0,215.0,569.38,1324.1820844786587
7715,1.0,84.0,170.0,2574.04,2085.4576662785225
3691,1.0,97.0,201.0,697.61,1372.8778073714218
7714,1.0,62.0,182.0,6480.56,3568.9702249232555
4130,1.0,154.0,209.0,2536.83,2071.3270583954973
7711,1.0,34.0,118.0,1238.79,1578.3925177754018
4105,1.0,163.0,203.0,1922.22,1837.9270876623066
7226,1.0,41.0,236.0,637.82,1350.1723775051114
3600,1.0,8.0,62.0,399.11,1259.521546874754
4179,1.0,71.0,255.0,1541.3,1693.2715876676898
7219,1.0,75.0,203.0,1292.69,1598.8612026691028
7852,1.0,28.0,194.0,1903.5,1830.8181121296586
7850,1.0,118.0,147.0,4532.4,2829.1506857299873
7177,1.0,183.0,212.0,972.58,1477.2984805666276
4238,1.0,116.0,229.0,4775.79,2921.5787602434893
7842,1.0,60.0,208.0,165.69,1170.8796094371148
3537,1.0,33.0,208.0,417.97,1266.6836878227166
7836,1.0,46.0,193.0,596.74,1334.5721256417746
7834,1.0,30.0,72.0,1275.16,1592.2041331665723
7190,1.0,149.0,241.0,803.83,1413.2151674717807
3559,1.0,32.0,189.0,2110.54,1909.4421663113226
4218,1.0,214.0,236.0,1534.73,1690.776610677862
7823,1.0,87.0,155.0,1038.07,1502.1685023419277
7811,1.0,19.0,220.0,402.19,1260.6911860115304
7807,1.0,245.0,253.0,1012.98,1492.6405004127437
3581,1.0,172.0,174.0,1917.96,1836.3093400250698
7216,1.0,26.0,186.0,1895.21,1827.6699600374616
4192,1.0,48.0,219.0,1801.54,1792.09849966653
4190,1.0,8.0,62.0,1485.54,1672.0965622563185
4187,1.0,110.0,250.0,841.3,1427.4445111260875
7282,1.0,69.0,173.0,398.17,1259.1645790862478
7284,1.0,54.0,172.0,5208.72,3085.985212025163
3718,1.0,191.0,202.0,801.53,1412.3417356488508
3824,1.0,118.0,216.0,1292.03,1598.6105657112294
7344,1.0,176.0,197.0,2066.76,1892.816581438485
7568,1.0,67.0,102.0,1509.59,1681.2296211003552
3848,1.0,96.0,185.0,2882.7,2202.6722169147065
7555,1.0,16.0,163.0,3708.89,2516.420320297437
7553,1.0,54.0,99.0,866.12,1436.8699797543165
7544,1.0,111.0,174.0,505.47,1299.9120723904123
7526,1.0,22.0,192.0,1800.79,1791.8136849416578
7363,1.0,175.0,194.0,1885.1,1823.830657546273
3980,1.0,66.0,163.0,3693.77,2510.6784554441374
3976,1.0,53.0,221.0,2911.68,2213.6774578835316
3883,1.0,45.0,87.0,2112.0,1909.9966056423993
3888,1.0,127.0,212.0,921.58,1457.9310792757442
3966,1.0,68.0,102.0,3909.82,2592.7240838538746
7494,1.0,64.0,215.0,3039.16,2262.0883660514255
7476,1.0,10.0,86.0,1419.53,1647.0290689384472
3907,1.0,29.0,181.0,1150.03,1544.6856444699304
7391,1.0,73.0,104.0,722.81,1382.4475821269148
3910,1.0,90.0,152.0,561.34,1321.128870628104
7462,1.0,36.0,254.0,5901.6,3349.108447445356
3827,1.0,22.0,46.0,1227.65,1574.1620697287208
7574,1.0,141.0,240.0,6219.12,3469.687609364627
7293,1.0,3.0,78.0,2452.04,2039.1278043669727
3812,1.0,73.0,89.0,2284.02,1975.32171093767
7658,1.0,58.0,144.0,555.58,1318.941493541127
7299,1.0,76.0,236.0,289.31,1217.8246711543652
7650,1.0,40.0,191.0,2277.87,1972.9862301937555
3752,1.0,27.0,214.0,1615.74,1721.5403984930635
7623,1.0,56.0,155.0,941.15,1465.3628448299075
4059,1.0,34.0,151.0,2727.52,2143.7421515750966
3775,1.0,203.0,203.0,1358.22,1623.7464145630595
3777,1.0,26.0,93.0,2304.87,1983.2395602889371
7611,1.0,174.0,233.0,270.54,1210.6967079733909
7609,1.0,86.0,125.0,5034.7,3019.900600796909
7325,1.0,160.0,238.0,273.21,1211.7106483939078
3792,1.0,178.0,236.0,2150.5,1924.6170948521828
7327,1.0,197.0,230.0,1150.97,1545.0426122584265
7604,1.0,19.0,228.0,2625.77,2105.102287234941
7601,1.0,143.0,149.0,1336.98,1615.6804615548626
7600,1.0,109.0,178.0,304.42,1223.5627384780028
3803,1.0,173.0,205.0,2571.81,2084.610817163253
4028,1.0,231.0,238.0,2876.36,2200.2645831071686
3806,1.0,19.0,21.0,456.03,1281.137085727249
3513,1.0,214.0,230.0,220.93,1191.8571633059128
7867,1.0,60.0,225.0,3212.8,2328.028671152409
6953,1.0,190.0,235.0,2395.38,2017.6110012857698
3193,1.0,56.0,227.0,2876.76,2200.416484293763
4433,1.0,80.0,81.0,296.6,1220.5930702800629
4431,1.0,98.0,136.0,520.68,1305.6881150107008
3162,1.0,133.0,191.0,393.52,1257.3987277920771
8130,1.0,9.0,217.0,1877.82,1821.0660559502371
4426,1.0,134.0,245.0,570.33,1324.5428497968287
7039,1.0,14.0,60.0,286.16,1216.6284493099267
8113,1.0,30.0,119.0,1197.14,1562.5758067211736
4411,1.0,51.0,103.0,315.66,1227.831161821328
4410,1.0,138.0,145.0,1367.59,1627.3046998590557
8089,1.0,61.0,195.0,236.49,1197.7661194644702
4245,1.0,129.0,145.0,672.41,1363.308032615929
3200,1.0,34.0,102.0,1808.68,1794.8099358472607
4399,1.0,53.0,166.0,1456.27,1660.981192927217
8085,1.0,36.0,100.0,2687.18,2128.4229169069686
3207,1.0,46.0,171.0,2604.89,2097.1730452946695
8081,1.0,153.0,179.0,707.92,1376.793060455909
3213,1.0,170.0,243.0,1713.96,1758.8397348615133
8080,1.0,71.0,226.0,2615.32,2101.133868735137
3221,1.0,14.0,211.0,1645.49,1732.8380492460751
3225,1.0,29.0,92.0,915.66,1455.6829417141346
3142,1.0,149.0,227.0,290.61,1218.3183500108023
4459,1.0,126.0,140.0,1905.92,1831.7371143085466
6478,1.0,70.0,238.0,3258.66,2345.4441421955344
8181,1.0,118.0,207.0,996.38,1486.3366011690407
8269,1.0,30.0,91.0,776.25,1402.7415806560364
6963,1.0,83.0,252.0,1168.49,1551.6958842312947
4542,1.0,195.0,236.0,512.74,1302.6728764567872
3024,1.0,144.0,200.0,2181.34,1936.328676338675
8241,1.0,2.0,211.0,506.25,1300.2082797042785
4529,1.0,159.0,188.0,5631.84,3246.666287205557
6974,1.0,14.0,105.0,659.14,1358.2687107506247
3049,1.0,155.0,197.0,1096.35,1524.300505228854
4514,1.0,155.0,243.0,1284.43,1595.7244431659171
8204,1.0,69.0,157.0,962.26,1473.3794299524698
8202,1.0,5.0,147.0,2424.62,2028.71497802588
3087,1.0,152.0,202.0,133.35,1158.5983985008982
3092,1.0,224.0,243.0,4737.96,2907.212705521252
7003,1.0,175.0,226.0,1562.71,1701.402098680197
8192,1.0,8.0,56.0,2299.93,1981.3635806344885
7010,1.0,20.0,115.0,495.19,1296.0082118949224
3116,1.0,5.0,209.0,1189.86,1559.8112051251458
3118,1.0,121.0,222.0,1270.94,1590.601575647999
3119,1.0,51.0,59.0,4766.09,2917.895156468562
8066,1.0,142.0,142.0,896.71,1448.4866229991835
4390,1.0,105.0,108.0,285.26,1216.28667164009
8037,1.0,111.0,154.0,2595.87,2093.7476735369523
4318,1.0,3.0,73.0,3678.34,2504.818867171231
7122,1.0,197.0,255.0,863.25,1435.7800887404899
7947,1.0,178.0,206.0,5228.25,3093.4017874606575
4310,1.0,56.0,191.0,3969.5,2615.387740893882
3409,1.0,34.0,247.0,1138.0,1540.117216283069
3412,1.0,54.0,188.0,947.52,1467.7818712264357
4307,1.0,78.0,237.0,1339.06,1616.4703477251555
7922,1.0,78.0,107.0,1456.65,1661.1254990544833
7132,1.0,188.0,235.0,128.59,1156.790774380415
3432,1.0,26.0,105.0,4036.62,2640.8767600045503
7917,1.0,85.0,161.0,2359.94,2004.1525561534384
3436,1.0,46.0,68.0,300.47,1222.062714260375
7142,1.0,109.0,192.0,4887.66,2964.0617246045035
3441,1.0,93.0,218.0,1822.2,1799.9441959541766
4283,1.0,101.0,248.0,1222.44,1572.1835567733187
3456,1.0,135.0,137.0,1192.35,1560.7567900116983
7151,1.0,30.0,185.0,3745.44,2530.300291222578
7881,1.0,69.0,241.0,4130.76,2676.626704269738
7165,1.0,116.0,166.0,2205.25,1945.4085697674082
7874,1.0,42.0,242.0,2857.36,2193.0492767439027
7111,1.0,73.0,77.0,641.76,1351.6686041930673
7963,1.0,19.0,147.0,4354.28,2761.5090873391305
3253,1.0,119.0,206.0,163.12,1169.9036443132497
4330,1.0,129.0,202.0,1361.91,1625.1477030094159
3263,1.0,127.0,244.0,2153.72,1925.8398994042789
4366,1.0,237.0,253.0,470.13,1286.491602554726
7071,1.0,104.0,212.0,406.57,1262.3545040047543
8028,1.0,26.0,84.0,2832.2,2183.494692107062
4360,1.0,46.0,77.0,714.25,1379.1968967337768
3291,1.0,132.0,172.0,1777.91,1783.1249370684218
3300,1.0,50.0,229.0,3763.19,2537.040906377738
8023,1.0,38.0,167.0,2751.89,2152.9967313684133
8013,1.0,116.0,120.0,1699.24,1753.2497711948088
4340,1.0,65.0,96.0,598.1,1335.0885896762004
4338,1.0,206.0,242.0,1220.54,1571.4620261370014
8001,1.0,131.0,157.0,2169.86,1931.969112283392
4337,1.0,76.0,84.0,3976.52,2618.053606718626
7981,1.0,194.0,216.0,765.68,1398.7275918002597
3350,1.0,38.0,107.0,1214.72,1569.251863872033
4334,1.0,20.0,63.0,1437.77,1653.9557630471884
4333,1.0,65.0,83.0,232.5,1196.250905128182
4332,1.0,158.0,179.0,1558.35,1699.7463757463133
7970,1.0,23.0,211.0,5505.29,3198.608549296504
5092,1.0,33.0,102.0,1155.36,1546.7097277813052
8686,1.0,22.0,140.0,375.74,1250.646720047929
2200,1.0,203.0,214.0,1335.11,1614.9703235075349
5312,1.0,196.0,254.0,950.49,1468.909737536914
6116,1.0,59.0,205.0,2056.84,1889.0494320109176
6118,1.0,9.0,215.0,1015.29,1493.5177297653356
5514,1.0,202.0,225.0,5050.38,3025.8551273114394
9513,1.0,183.0,216.0,476.88,1289.054935078523
6126,1.0,124.0,241.0,2988.3,2242.7741301758456
9507,1.0,51.0,67.0,1274.99,1592.1395751622729
5485,1.0,20.0,192.0,1399.72,1639.506162672322
1599,1.0,59.0,177.0,321.88,1230.193225272881
6151,1.0,10.0,201.0,830.12,1423.1988729607488
5466,1.0,81.0,193.0,734.72,1386.9704399577927
8957,1.0,19.0,168.0,416.21,1266.0153226016996
5463,1.0,63.0,192.0,743.93,1390.4679647791447
1624,1.0,79.0,123.0,377.11,1251.1669816120152
9435,1.0,190.0,239.0,2065.48,1892.3304976413833
5459,1.0,91.0,192.0,2807.94,2174.281885140053
1635,1.0,163.0,254.0,1099.05,1525.3258382383688
1644,1.0,62.0,143.0,684.83,1368.0245644597042
1529,1.0,118.0,181.0,3556.36,2458.496600319024
9540,1.0,190.0,226.0,314.46,1227.3754582615438
1518,1.0,40.0,233.0,4361.0,2764.0610272739277
1467,1.0,190.0,217.0,839.09,1426.6052570701415
9638,1.0,47.0,112.0,1654.35,1736.2026605291587
9629,1.0,47.0,250.0,923.79,1458.7703333316845
5561,1.0,104.0,212.0,3436.56,2413.0021949337474
1456,1.0,82.0,233.0,1174.87,1554.118708157494
5557,1.0,22.0,169.0,1446.03,1657.092522550376
1464,1.0,73.0,254.0,492.78,1295.0930072456802
5553,1.0,8.0,118.0,4079.92,2657.3200634534755
9578,1.0,23.0,165.0,1991.22,1864.130042349984
5522,1.0,121.0,176.0,577.23,1327.163145265587
5538,1.0,41.0,50.0,442.5,1275.9990280906693
1489,1.0,32.0,53.0,130.74,1157.6072432583612
9571,1.0,191.0,215.0,2784.78,2165.486806436201
5533,1.0,148.0,209.0,1343.5,1618.1564508963615
6101,1.0,65.0,182.0,425.62,1269.5887980163477
6104,1.0,110.0,253.0,2758.02,2155.3246170529806
1515,1.0,42.0,242.0,1057.73,1509.6344456630798
1646,1.0,35.0,175.0,4588.24,2850.3560913786755
1647,1.0,188.0,190.0,2269.44,1969.7849126862634
1657,1.0,95.0,186.0,642.15,1351.816707849992
1840,1.0,123.0,244.0,1380.57,1632.2338933640697
6230,1.0,173.0,244.0,329.85,1233.219856415791
5372,1.0,20.0,188.0,2149.8,1924.3512677756507
6239,1.0,210.0,252.0,706.21,1376.1436828832263
1814,1.0,21.0,226.0,716.57,1380.077923616042
1823,1.0,150.0,227.0,242.77,1200.150968094005
9276,1.0,57.0,99.0,182.98,1177.4455382276994
9274,1.0,155.0,242.0,1064.5,1512.205373246206
1842,1.0,110.0,214.0,625.04,1345.3191345933901
1009,1.0,60.0,118.0,944.3,1466.5590666743426
9264,1.0,72.0,229.0,520.49,1305.615961947065
9260,1.0,42.0,47.0,866.62,1437.059856237562
1861,1.0,53.0,102.0,688.92,1369.5777540926465
5337,1.0,169.0,239.0,1860.98,1814.6710159945803
6283,1.0,15.0,105.0,4834.32,2943.8057013720368
9228,1.0,95.0,109.0,519.99,1305.4260854638276
9225,1.0,60.0,84.0,4434.56,2791.995655488788
5382,1.0,32.0,238.0,2306.09,1983.7028589080505
9308,1.0,23.0,244.0,1593.48,1713.087097459036
5446,1.0,31.0,87.0,665.28,1360.6003939648608
5416,1.0,87.0,98.0,3100.64,2285.4355784310983
1676,1.0,119.0,222.0,1292.95,1598.959938440397
1698,1.0,62.0,198.0,1066.62,1513.0104495351593
9379,1.0,121.0,223.0,1315.64,1607.5765332500093
1702,1.0,8.0,185.0,449.98,1278.839580279995
9376,1.0,3.0,147.0,577.25,1327.170740324929
1711,1.0,2.0,154.0,789.12,1407.6290013347439
9366,1.0,9.0,148.0,2209.65,1947.079482819955
5415,1.0,62.0,225.0,409.07,1263.3038864209693
1786,1.0,14.0,235.0,935.9,1463.3691417558532
9346,1.0,59.0,186.0,363.75,1246.093481979733
1738,1.0,14.0,171.0,3103.76,2286.6204076865447
1745,1.0,31.0,84.0,557.38,1319.6250488808116
1747,1.0,12.0,247.0,994.46,1485.6074754733856
9339,1.0,71.0,180.0,896.36,1448.353709460909
6210,1.0,48.0,120.0,457.25,1281.6003843463627
9317,1.0,62.0,179.0,1613.78,1720.7960826787473
5574,1.0,239.0,241.0,1388.4,1635.2073590916725
1433,1.0,107.0,239.0,2146.47,1923.0866903972483
6066,1.0,54.0,137.0,2094.64,1903.404094144177
5751,1.0,75.0,100.0,1532.01,1689.7436826090163
5763,1.0,52.0,164.0,1676.26,1744.5230480249054
5760,1.0,48.0,127.0,4392.57,2776.0498284259465
1126,1.0,97.0,113.0,1626.96,1725.8012267770534
5909,1.0,24.0,238.0,5491.72,3193.455301541248
1132,1.0,100.0,114.0,2875.36,2199.8848301406883
1134,1.0,58.0,157.0,377.1,1251.1631840823468
5754,1.0,53.0,70.0,2838.53,2185.898528384932
1155,1.0,87.0,92.0,3802.53,2551.9803880793656
1100,1.0,203.0,234.0,262.64,1207.6966595381305
5749,1.0,147.0,158.0,653.47,1356.115511430645
9881,1.0,31.0,176.0,5835.56,3324.0295615385035
5748,1.0,20.0,165.0,619.45,1343.196315510715
9873,1.0,42.0,63.0,1256.05,1584.9470539769911
1169,1.0,85.0,123.0,617.65,1342.5127601710442
5920,1.0,48.0,205.0,3398.6,2398.586772325881
1175,1.0,36.0,54.0,592.76,1333.0607088351524
5904,1.0,59.0,133.0,100.69,1146.1956666154
1096,1.0,123.0,149.0,4085.96,2659.6137713710664
1184,1.0,141.0,212.0,1517.78,1684.339797895888
1058,1.0,103.0,215.0,3776.49,2542.091620832014
5852,1.0,25.0,121.0,1401.18,1640.0606020033933
1031,1.0,165.0,184.0,439.31,1274.7876161275665
5808,1.0,96.0,245.0,5413.05,3163.580135667643
5860,1.0,99.0,129.0,1427.53,1650.067092670356
9982,1.0,149.0,227.0,468.26,1285.7814645074027
5804,1.0,49.0,235.0,2409.21,2022.8629848123082
9978,1.0,95.0,144.0,4425.04,2788.3804072478188
5798,1.0,23.0,56.0,1755.83,1774.7399915683689
5880,1.0,107.0,170.0,2319.68,1988.863701722626
9963,1.0,61.0,190.0,1284.8,1595.8649517635115
5793,1.0,11.0,215.0,4979.53,2998.94962963576
9950,1.0,33.0,223.0,1470.62,1666.4306479963147
9948,1.0,53.0,188.0,1383.28,1633.2630239032528
9940,1.0,74.0,201.0,3365.52,2386.02454419445
5781,1.0,198.0,230.0,898.76,1449.265116580482
9928,1.0,51.0,243.0,2811.43,2175.60722299312
5924,1.0,189.0,195.0,338.13,1236.3642109783113
1188,1.0,1.0,147.0,746.11,1391.295826246093
5581,1.0,70.0,162.0,4860.37,2953.6982661490456
1368,1.0,13.0,26.0,3893.9,2586.678416627388
1318,1.0,118.0,157.0,1094.84,1523.7270782494513
1322,1.0,143.0,159.0,1208.99,1567.075879374056
9726,1.0,85.0,153.0,2158.86,1927.7918296520256
5635,1.0,166.0,253.0,6861.88,3713.7776261044573
1352,1.0,52.0,188.0,878.47,1441.5599288904382
1361,1.0,107.0,195.0,3039.56,2262.2402672380254
1363,1.0,123.0,164.0,103.27,1147.175429268942
1372,1.0,31.0,152.0,822.24,1420.2064195848234
1312,1.0,23.0,216.0,2727.36,2143.6813911004583
5615,1.0,124.0,242.0,1285.26,1596.0396381281087
6045,1.0,64.0,118.0,1121.02,1533.6690109121146
9685,1.0,25.0,120.0,2059.44,1890.0367897237884
1395,1.0,94.0,202.0,811.72,1416.2114183773656
5601,1.0,12.0,199.0,1389.04,1635.4504009902248
9670,1.0,15.0,239.0,276.91,1213.1157343699142
5597,1.0,54.0,100.0,719.46,1381.1754096891802
1317,1.0,252.0,255.0,2527.36,2067.730797802857
5999,1.0,84.0,237.0,1264.56,1588.1787517217983
9860,1.0,71.0,227.0,3144.4,2302.0535682446193
9807,1.0,196.0,233.0,403.06,1261.0215710923792
1196,1.0,95.0,240.0,5303.12,3121.833892061615
9845,1.0,107.0,192.0,5791.0,3307.1077693517764
9836,1.0,56.0,78.0,418.23,1266.7824235940077
1212,1.0,47.0,161.0,598.56,1335.263276040789
5725,1.0,171.0,194.0,4503.6,2818.2138002951224
9825,1.0,105.0,184.0,171.61,1173.127746998729
1241,1.0,46.0,61.0,2578.96,2087.326050873641
5973,1.0,29.0,89.0,135.84,1159.5439833874584
9748,1.0,33.0,59.0,775.88,1402.6010720584425
1275,1.0,13.0,48.0,4570.32,2843.5509182191972
5688,1.0,114.0,215.0,3180.13,2315.6221417372403
5981,1.0,64.0,91.0,2392.89,2016.6654163992105
5684,1.0,231.0,233.0,2071.02,1894.4343290757167
1292,1.0,28.0,207.0,477.87,1289.430890515347
5996,1.0,23.0,36.0,1882.03,1822.6648159391523
5674,1.0,7.0,131.0,546.72,1315.5768822580462
9219,1.0,51.0,214.0,2130.07,1916.8587417468314
7428,1.0,31.0,39.0,5664.04,3258.89433272648
9124,1.0,2.0,60.0,1538.06,1692.0411880562724
5276,1.0,113.0,160.0,3264.45,2347.6429118715046
2082,1.0,42.0,151.0,4928.69,2979.642988819501
6415,1.0,87.0,178.0,2969.76,2235.7335101771614
2008,1.0,55.0,141.0,1776.16,1782.460369377062
6443,1.0,11.0,48.0,2121.46,1913.5890687053793
2170,1.0,115.0,198.0,2648.7,2113.810022756513
1973,1.0,31.0,181.0,5125.65,3054.4391330989924
5229,1.0,47.0,200.0,457.1,1281.5434214013917
9062,1.0,164.0,232.0,1100.82,1525.9980009890503
2097,1.0,77.0,151.0,780.3,1404.2795801703203
2009,1.0,43.0,124.0,1603.12,1716.7479160559749
5274,1.0,38.0,240.0,433.21,1272.4711230319895
2157,1.0,57.0,234.0,524.88,1307.2830774699503
9168,1.0,113.0,220.0,2817.72,2177.995869152307
6395,1.0,188.0,236.0,1824.14,1800.6809167091603
2039,1.0,216.0,248.0,280.54,1214.494237638266
6456,1.0,21.0,101.0,851.77,1431.42052468522
5120,1.0,45.0,195.0,907.04,1452.4094711430134
9101,1.0,111.0,119.0,1080.16,1518.1523047014107
1951,1.0,53.0,82.0,718.92,1380.9703430872758
5279,1.0,134.0,175.0,1031.36,1499.62035993679
1953,1.0,126.0,152.0,2766.82,2158.6664431580743
5280,1.0,54.0,58.0,2113.96,1910.7409214567178
9050,1.0,19.0,190.0,3779.16,2543.1055612525374
1957,1.0,45.0,141.0,301.79,1222.5639881761383
5281,1.0,60.0,98.0,662.54,1359.559870836686
5174,1.0,59.0,93.0,367.69,1247.5897086676946
6376,1.0,132.0,204.0,1638.9,1730.3354771969207
9185,1.0,8.0,204.0,1737.0,1767.5892432094008
6430,1.0,65.0,168.0,891.36,1446.4549446284689
1977,1.0,58.0,145.0,1796.94,1790.3516360206916
9084,1.0,127.0,196.0,915.63,1455.67154912514
1930,1.0,50.0,162.0,425.33,1269.478669656072
5255,1.0,209.0,219.0,2039.19,1882.3467921524052
5225,1.0,7.0,16.0,501.6,1298.4424284101083
6467,1.0,20.0,29.0,993.8,1485.3568385155108
2002,1.0,25.0,59.0,1211.72,1568.112604972572
1974,1.0,76.0,107.0,982.3,1480.9896794008937
6471,1.0,62.0,116.0,3712.75,2517.886166748074
9122,1.0,29.0,168.0,2739.78,2148.3979229442434
1926,1.0,66.0,201.0,1031.37,1499.6241574664593
6345,1.0,168.0,253.0,142.62,1162.1187085002425
