customer_id,frequency,recency,T,monetary_value,monetary_value_original,expected_monetary_value,expected_purchases_10d,clv_10d,expected_purchases_30d,clv_30d,expected_purchases_60d,clv_60d,total_purchases
1009,2.0,128.0,227.0,1283.245,1283.245,1746.2092805109344,0.05766939770625756,100.70283747614293,0.1687155324267844,294.6126284899944,0.3252560170039176,567.9650754342632,3.0
1042,2.0,89.0,227.0,1649.0500000000002,1649.0500000000002,1746.2092805112104,0.03916435833695849,68.38916599326352,0.11459363450602277,200.10446806192664,0.22096166301708206,385.8453065976194,3.0
1134,2.0,214.0,266.0,1107.75,1107.75,1746.2092805108045,0.06699667877757537,116.99022224480338,0.19656666535071263,343.246535274476,0.380507349340861,664.4454647215782,3.0
1188,2.0,237.0,256.0,473.95,473.95,1746.2092805103287,0.07517216544686947,131.26633293938133,0.22039000369504763,384.8470697839978,0.42617073487767787,744.1832923253079,3.0
1212,2.0,239.0,270.0,726.72,726.72,1746.2092805105094,0.07019473843591005,122.57470369979389,0.20599921382239506,359.71773895453504,0.3989040180983117,696.5698984362041,3.0
1316,4.0,259.0,292.0,2029.0225,2029.0225,1746.2092805116733,0.10448370468623108,182.45041478533773,0.30423473431003456,531.2575165061855,0.5824929869611735,1017.1546596645662,5.0
1317,3.0,335.0,364.0,1607.8400000000001,1607.8400000000001,1746.2092805111088,0.07308719719814266,127.62554203394222,0.21469146340769876,374.8962258490347,0.4162805426496948,726.9129468710975,4.0
1334,4.0,278.0,292.0,1415.76,1415.76,1746.209280510754,0.11201376436999347,195.59947488782743,0.32614478846928946,569.51705641529,0.6243983875075471,1090.3302590016287,5.0
1335,2.0,184.0,193.0,1612.4099999999999,1612.4099999999999,1746.2092805111834,0.0954426908696937,166.66291255361912,0.27823201901817884,485.85133374490795,0.5336787682380323,931.9148179090289,3.0
1350,2.0,49.0,341.0,671.62,671.62,1746.2092805104721,0.0056629901234894475,9.888765909076417,0.016690373837186724,29.14488568968464,0.03251999690390991,56.7867203957793,3.0
1360,2.0,169.0,307.0,1803.98,1803.98,1746.2092805113243,0.04214440556388063,73.59295211728146,0.12397188273113685,216.48085214757276,0.24087810291160655,420.62357877620923,3.0
1361,2.0,302.0,304.0,2167.065,2167.065,1746.2092805115972,0.06756820710532215,117.98823031484316,0.19869154538709463,346.9570205141359,0.3858707531863754,673.8110902920487,3.0
1378,2.0,235.0,265.0,859.49,859.49,1746.20928051061,0.07136556162455376,124.61920601764763,0.20936463586570703,365.5944701594221,0.40522494989591223,707.6075682026889,3.0
1506,3.0,93.0,185.0,3066.133333333333,3066.133333333333,1746.2092805127636,0.06495138548417688,113.41871211463166,0.18799134433910547,328.27223014101656,0.3569168762433451,623.2515616677548,4.0
1515,2.0,337.0,351.0,749.115,749.115,1746.2092805105253,0.058817152522678544,102.70705758830432,0.17335314120037779,302.7108639697512,0.3377731259185667,589.8225671860514,3.0
1518,2.0,335.0,342.0,2685.79,2685.79,1746.2092805119894,0.060755176148677315,106.09125242996099,0.17899375897853176,312.56056308203836,0.34856257580427863,608.6632047085951,3.0
1608,3.0,239.0,317.0,2507.71,2507.71,1746.2092805121265,0.06787676321579948,118.52703385855318,0.19888586577165643,347.2963445731555,0.3842426819994105,670.9681372762403,4.0
1661,2.0,225.0,358.0,4877.425,4877.425,1746.2092805136458,0.04188637784555105,73.14238172100241,0.12350283759096005,215.661801171104,0.2407832258595186,420.4579035879047,3.0
1711,2.0,161.0,263.0,638.1700000000001,638.1700000000001,1746.209280510448,0.054365248551991,94.93310155874389,0.15948844856893554,278.50020902528854,0.30868319480195267,539.0254595007842,3.0
1738,2.0,269.0,280.0,4377.42,4377.42,1746.2092805132709,0.07117269807089291,124.28242589056217,0.2089992893059496,364.9564986067272,0.4050753764801401,707.3463817170277,3.0
1747,2.0,268.0,356.0,2344.33,2344.33,1746.209280511728,0.04956066861682819,86.54329948707172,0.14611083698074945,255.14009951912087,0.2848041086222791,497.327577604094,3.0
1765,2.0,93.0,310.0,1200.3400000000001,1200.3400000000001,1746.2092805108732,0.018694090797787874,32.6437948418101,0.05500896826441969,96.05717089465777,0.10693475996924232,186.73047026749356,3.0
1773,3.0,283.0,354.0,1285.2633333333333,1285.2633333333333,1746.209280510747,0.06570567650715767,114.73586209903569,0.19292257889995934,336.88319769517585,0.37383151526012004,652.7880612946166,4.0
1926,2.0,259.0,310.0,1582.2649999999999,1582.2649999999999,1746.20928051116,0.06029687593678659,105.29096434664679,0.1773740571630941,309.7322247401119,0.3446521164843115,601.834724352718,3.0
1941,2.0,56.0,282.0,765.1,765.1,1746.2092805105378,0.01219287493131221,21.291311361161668,0.03582477695881532,62.5575579977034,0.06949130310247456,121.34635839231181,3.0
1951,3.0,166.0,191.0,1483.24,1483.24,1746.209280510966,0.11917225808095282,208.09970304040777,0.34508545003949925,602.5914154282768,0.6555959248064418,1144.807688162178,4.0
1977,2.0,194.0,254.0,2741.4300000000003,2741.4300000000003,1746.2092805120324,0.06722676732808226,117.39200500712033,0.19707840425641027,344.1401385010456,0.3810453018362805,665.3848423620216,3.0
2097,2.0,176.0,260.0,606.95,606.95,1746.2092805104262,0.06003803036440965,104.8389658058989,0.1760872611743129,307.48520964224844,0.3406897081144494,594.9155300838397,3.0
2151,2.0,173.0,325.0,3085.75,3085.75,1746.2092805122945,0.03835784375519962,66.98082274577014,0.1129379953698564,197.2133756372978,0.21973300446278193,383.69981162775923,3.0
2155,2.0,27.0,306.0,650.24,650.24,1746.2092805104558,0.004152716415843577,7.251511944674172,0.012218902050013233,21.33676015738134,0.02375068184731991,41.47366106024124,3.0
2359,2.0,124.0,134.0,2186.375,2186.375,1746.2092805116135,0.1231464673704225,215.03950418445237,0.3559110625733819,621.495200502389,0.6744577345517248,1177.74435538706,3.0
2417,2.0,106.0,218.0,1453.9499999999998,1453.9499999999998,1746.2092805110601,0.05179674463951932,90.44795618979013,0.15142102871798974,264.4128056118854,0.2916032184325365,509.2002462537891,3.0
2418,2.0,60.0,292.0,1172.765,1172.765,1746.2092805108523,0.012027795173755658,21.00304755649577,0.035360450214099656,61.74674632690277,0.06864845987539837,119.8745777271975,3.0
2422,2.0,210.0,252.0,1008.5150000000001,1008.5150000000001,1746.2092805107293,0.07170213693293234,125.20693694473758,0.2101614024484391,366.98579136061466,0.40623901684310415,709.378341316983,3.0
2488,2.0,117.0,323.0,575.775,575.775,1746.209280510402,0.023274571425882348,40.64227262377798,0.06852919969641447,119.66632449582957,0.13333467188168396,232.8302414536059,3.0
2509,3.0,300.0,343.0,2409.78,2409.78,1746.209280512016,0.0737545693219221,128.7909134301072,0.21642033440736938,377.9151964336624,0.4189866029158569,731.6382944218722,4.0
2558,2.0,339.0,351.0,3059.7799999999997,3059.7799999999997,1746.2092805122747,0.058997873795858184,103.02263475281951,0.17388557157893542,303.64059883831845,0.33880994348396487,591.6330676415388,3.0
2574,2.0,254.0,332.0,2980.41,2980.41,1746.2092805122134,0.05338832518627555,93.2271889112783,0.1572273061342015,274.5517811214775,0.30599975524820466,534.3396124488809,3.0
2585,2.0,169.0,188.0,1855.3,1855.3,1746.2092805113607,0.09463393701102885,165.2506590599861,0.27572133294199097,481.4671504182674,0.5284478977515212,922.780623320425,3.0
2601,2.0,253.0,353.0,915.84,915.84,1746.2092805106565,0.04796012744198067,83.74841963366046,0.14137636993349323,246.87272922277361,0.27553075071849603,481.134353970706,3.0
2648,2.0,70.0,222.0,863.61,863.61,1746.2092805106142,0.031160905269216225,54.41346197021747,0.0911419803166356,159.15297187302482,0.1756489757036627,306.7198714859192,3.0
2671,2.0,218.0,287.0,2672.075,2672.075,1746.2092805119785,0.06030355919090941,105.30263470706943,0.17716939028725556,309.37483354225446,0.3436277507780459,600.045967450081,3.0
2688,3.0,217.0,247.0,862.19,862.19,1746.2092805102695,0.0977331109258406,170.66246531184248,0.28481999166513666,497.35531272051924,0.5460181353309607,953.4619352418358,4.0
2689,2.0,131.0,193.0,825.9250000000001,825.9250000000001,1746.209280510582,0.07781582117581112,135.88270910775324,0.2268742420056928,396.1699068991445,0.43524486336651746,760.028619705173,3.0
2783,3.0,242.0,300.0,1877.9066666666668,1877.9066666666668,1746.2092805114087,0.07673245020336661,133.9909166614983,0.22457734506890883,392.15904415194166,0.433167486651153,756.4010852060451,4.0
2799,2.0,149.0,239.0,2697.8849999999998,2697.8849999999998,1746.2092805119973,0.06030221248604298,105.30028307853469,0.17658842561159888,308.36034763397646,0.340903098556171,595.2881544540819,3.0
2821,2.0,262.0,293.0,1062.04,1062.04,1746.209280510771,0.065939897446574,115.144860877136,0.19378821521664194,338.39477986491875,0.3760265818821527,656.6211070013584,3.0
2824,2.0,245.0,329.0,1353.8899999999999,1353.8899999999999,1746.209280510984,0.05270258238066319,92.02973846000873,0.15518696763983883,270.9889231070443,0.30197021403874136,527.3031901923383,3.0
2936,2.0,67.0,207.0,1108.33,1108.33,1746.209280510805,0.03515397033423003,61.38618924443401,0.10267425727350354,179.29074092054591,0.19747150231742386,344.8265699830965,3.0
2939,4.0,350.0,364.0,2548.2725,2548.2725,1746.2092805124623,0.09376620791057448,163.73542245190623,0.2743906527749954,479.1435043615696,0.5291090466295043,923.9351276275416,5.0
2973,2.0,346.0,353.0,1128.54,1128.54,1746.2092805108182,0.059153762671727284,103.29484935450459,0.17435938007307672,304.4679676277196,0.3397736263708484,593.3158596415908,3.0
2994,2.0,80.0,217.0,5789.835,5789.835,1746.2092805143402,0.03845656002711891,67.15320201601185,0.1124238557328318,196.3155802318762,0.2165067192026045,378.0660423653003,3.0
3052,2.0,80.0,259.0,1387.35,1387.35,1746.2092805110058,0.024781008370999284,43.27282679785987,0.07269510878982104,126.94087361654269,0.14068868377607896,245.67188527266725,3.0
3128,2.0,112.0,349.0,519.13,519.13,1746.2092805103591,0.017652025173422875,30.824130177633506,0.05203753467662544,90.86842598720297,0.10142573211361083,177.1105546993448,3.0
3200,2.0,144.0,211.0,1035.23,1035.23,1746.2092805107502,0.07244747485013583,126.50845293287637,0.21162091418230652,369.5344042953127,0.40706906839061113,710.8277850325504,3.0
3225,2.0,162.0,201.0,735.245,735.245,1746.2092805105162,0.08448874782580466,147.5350355521328,0.24652779203006417,430.48911834666455,0.4734888845134675,826.810684355989,3.0
3300,2.0,246.0,338.0,2031.335,2031.335,1746.209280511489,0.05051059593958027,88.202071393861,0.14879590361748865,259.82878779895174,0.28971264749973485,505.8989137455906,3.0
3326,2.0,155.0,196.0,1484.0700000000002,1484.0700000000002,1746.2092805110842,0.08521659391037185,148.80600713983569,0.2485194868490071,433.96703432358856,0.47695472485752255,832.8627669298165,3.0
3402,3.0,286.0,300.0,1136.7466666666667,1136.7466666666667,1746.2092805105688,0.08844711886530002,154.4471797970083,0.2588434818726274,451.99489024565116,0.49920494384671543,871.7163058218919,4.0
3438,2.0,115.0,271.0,1029.38,1029.38,1746.209280510745,0.035266443169777055,61.58259035366947,0.1035284079763907,180.78226680487606,0.2005673179988395,350.23251205672335,3.0
3441,2.0,318.0,327.0,2947.26,2947.26,1746.2092805121883,0.0628864210443473,109.81285204583624,0.185143722477676,323.29968641909085,0.3601758964728857,628.9424930377502,3.0
3456,2.0,223.0,246.0,791.6099999999999,791.6099999999999,1746.2092805105544,0.07679144655207415,134.0939366330621,0.2249707771610265,392.84605892225636,0.4345678349646095,758.8463864265801,3.0
3473,3.0,355.0,356.0,1455.8500000000001,1455.8500000000001,1746.2092805109376,0.07886136431320274,137.7084462374687,0.23155317658999683,404.34030589324044,0.44869597456063237,783.5170749056758,4.0
3513,2.0,333.0,339.0,662.59,662.59,1746.2092805104646,0.061298789985303276,107.04051595639851,0.1805707633637905,315.31434277471,0.3515643823781253,613.9049872056121,3.0
3543,2.0,47.0,103.0,2762.3450000000003,2762.3450000000003,1746.2092805120474,0.10107702092856147,176.50163199196447,0.29018072424087243,506.7162736951187,0.5448384927360956,951.4020323959659,3.0
3593,2.0,100.0,326.0,1527.285,1527.285,1746.2092805111179,0.018046733968988548,31.513374339563043,0.05314630383047161,92.8045689736331,0.10343248656401029,180.61476794441626,3.0
3638,2.0,37.0,348.0,3420.06,3420.06,1746.2092805125508,0.0037635075171275575,6.571871753686889,0.011095670622286042,19.375363014146355,0.021629250026135367,37.76919712616391,3.0
3658,2.0,107.0,262.0,1553.4850000000001,1553.4850000000001,1746.2092805111383,0.03492767540452201,60.991030938056966,0.10247322390737068,178.93969459094654,0.1983545036515388,346.36847510749755,3.0
3741,2.0,51.0,94.0,1894.35,1894.35,1746.2092805113905,0.12081802643351926,210.97355901128182,0.34594003630069065,604.0837018887133,0.6471826101978136,1130.1162801130079,3.0
3767,2.0,105.0,290.0,3589.495,3589.495,1746.2092805126808,0.026521312802138076,46.31176254647328,0.0779514319987072,136.11951398539566,0.15128248940655295,264.1708869807841,3.0
3793,2.0,150.0,344.0,1066.36,1066.36,1746.2092805107736,0.028075857472890934,49.026322877459904,0.08274215881584726,144.4851256137288,0.16120263246835953,281.4935328590168,3.0
3824,2.0,277.0,325.0,699.595,699.595,1746.2092805104917,0.058647101987102865,102.41011376492432,0.17265136713456722,301.4854195832054,0.33584155747747196,586.4496444482593,3.0
3827,2.0,107.0,155.0,2674.255,2674.255,1746.2092805119805,0.09425722426559634,164.59283976788336,0.2734340256141748,477.47303313522264,0.5208692166608897,909.5466600662511,3.0
3934,2.0,107.0,244.0,1286.155,1286.155,1746.209280510937,0.04114251819450221,71.84344709482984,0.1205449237552046,210.4966645798216,0.23288735216214823,406.6700556591621,3.0
4004,2.0,20.0,314.0,5240.1,5240.1,1746.2092805139257,0.002962732602481181,5.173551166133813,0.008721235652785075,15.229102634442222,0.01696249960301754,29.62007422750301,3.0
4019,2.0,268.0,320.0,1800.895,1800.895,1746.2092805113218,0.05876652587259639,102.61865286213653,0.17296100339642387,302.02610929738563,0.3363261340159666,587.2958164971755,3.0
4057,2.0,278.0,320.0,469.285,469.285,1746.2092805103252,0.06014747115360875,105.03007232765869,0.17702370624521854,309.1204387157342,0.3442213915064249,601.0825883986972,3.0
4083,4.0,173.0,299.0,1610.4825,1610.4825,1746.2092805110387,0.0472727985240574,82.54819949843757,0.13777923940177841,240.59138650513765,0.26415362010210464,461.26750290288237,5.0
4162,2.0,286.0,309.0,4079.045,4079.045,1746.209280513049,0.06428082505547403,112.24777327090447,0.1890786084225799,330.17082077400175,0.3673530281287066,641.4752669429187,3.0
4169,2.0,217.0,325.0,726.42,726.42,1746.2092805105094,0.048553233707415426,84.7841072986845,0.14294606310763514,249.61374201099343,0.2780872516275216,485.59853958363954,3.0
4238,2.0,257.0,338.0,3142.505,3142.505,1746.2092805123352,0.05230333875845555,91.3325755417956,0.15407509976086375,269.04736909828415,0.2999860230100806,523.8383774041897,3.0
4245,2.0,186.0,254.0,574.925,574.925,1746.2092805104016,0.06519854186400185,113.85029887866598,0.19113526521311405,333.7621739479567,0.36956195330108327,645.3325125779032,3.0
4254,3.0,176.0,180.0,884.8466666666667,884.8466666666667,1746.2092805102961,0.13498941166273143,235.71976341608644,0.3902343501294495,681.430843769949,0.7396323103802486,1291.552804551262,4.0
4297,2.0,212.0,289.0,3240.575,3240.575,1746.2092805124094,0.058376645469078725,101.93784008328797,0.17153049788170258,299.5281472919432,0.3327531467328099,581.0566329445402,3.0
4317,2.0,309.0,321.0,965.885,965.885,1746.2092805106959,0.06355021761672837,110.9719797808054,0.187043327545769,326.6167944180237,0.36371783290688325,635.1274553092381,3.0
4330,2.0,256.0,311.0,2058.675,2058.675,1746.2092805115124,0.05954333015819598,103.97511571480284,0.17516729442511064,305.87875516722073,0.34039203104829985,594.3957236287041,3.0
4360,2.0,116.0,186.0,1542.255,1542.255,1746.2092805111283,0.07529271473610302,131.4768372270601,0.21934860130555545,383.0285632668963,0.4203478301593823,734.0152820670289,3.0
4392,2.0,128.0,359.0,1260.72,1260.72,1746.2092805109176,0.019984800682673744,34.897644421245815,0.05893763506713238,102.91744532559225,0.11494002807260194,200.7093437225629,3.0
4431,2.0,174.0,245.0,603.0999999999999,603.0999999999999,1746.2092805104237,0.06570950851329732,114.74255358369848,0.19250496065113504,336.15394883330595,0.3718557110428204,649.3378936337754,3.0
4433,2.0,173.0,190.0,587.655,587.655,1746.2092805104135,0.0944734975956997,164.97049826388906,0.2753166181381396,480.76043367156103,0.5278423932747686,921.7232857832283,3.0
4443,3.0,253.0,317.0,1959.4066666666665,1959.4066666666665,1746.2092805114974,0.07231983383977615,126.28556501606656,0.2118982563600291,370.0187017800872,0.40936476037742703,714.8365436854284,4.0
4542,2.0,251.0,345.0,756.63,756.63,1746.2092805105317,0.04957769094815873,86.57302403995776,0.14609352611097715,255.10987111749597,0.28458004960027705,496.93632366015123,3.0
4546,2.0,84.0,284.0,968.165,968.165,1746.2092805106988,0.02064611410222349,36.05243605178547,0.06066463119672298,105.93314199447653,0.11768217757292077,205.49771062854228,3.0
4564,2.0,139.0,233.0,1176.88,1176.88,1746.2092805108557,0.059319432860332644,103.58414417535347,0.17362793000249152,303.1907027262399,0.33496050300556757,584.9111389529064,3.0
4625,2.0,197.0,237.0,1207.72,1207.72,1746.2092805108791,0.07531322978707768,131.5126607994434,0.22048839951336516,385.01888947522866,0.4254909077783792,742.9961719356044,3.0
4631,3.0,216.0,358.0,1903.8633333333335,1903.8633333333335,1746.209280511437,0.043789551884397974,76.46572188997283,0.12861808832241745,224.59409947024503,0.24935268597106094,435.4219743631206,4.0
4786,2.0,142.0,298.0,1896.125,1896.125,1746.2092805113916,0.03672397684951024,64.12774919190028,0.10797926658334564,188.55439741065175,0.20967042589857515,366.12844355286796,3.0
4818,3.0,294.0,309.0,1614.8666666666668,1614.8666666666668,1746.2092805111176,0.08616213257296935,150.45711552754835,0.25230794580222515,440.58247650654164,0.4870199737262961,850.4387979151389,4.0
4833,2.0,350.0,355.0,857.6299999999999,857.6299999999999,1746.2092805106074,0.059040206536966365,103.09655657811369,0.17403917357396279,303.90882006725025,0.33919057378042317,592.2977277970929,3.0
4884,3.0,200.0,267.0,1029.1566666666668,1029.1566666666668,1746.2092805104533,0.07847362686085921,137.03137549974673,0.22911531359153522,400.0832869006016,0.44038586984944716,769.0058929367732,4.0
4908,2.0,257.0,308.0,546.67,546.67,1746.2092805103812,0.06058181548785189,105.78852843505452,0.17819341138445124,311.16298868533295,0.34619139509323493,604.5226269446429,3.0
5059,2.0,208.0,298.0,507.12,507.12,1746.209280510352,0.05457990033130178,95.30792848784921,0.16046021899687452,280.1971235650658,0.31151779257077394,543.9752604311843,3.0
5148,2.0,185.0,347.0,1781.97,1781.97,1746.209280511309,0.03600049562139155,62.864399557080674,0.10610420707510154,185.280151095836,0.20673855240113898,361.00877884234245,3.0
5176,3.0,41.0,76.0,5299.653333333333,5299.653333333333,1746.2092805152886,0.1668599659636803,291.3724211122437,0.46937141972922414,819.620729139808,0.857026016176444,1496.5467830903524,4.0
5213,2.0,39.0,130.0,694.885,694.885,1746.2092805104887,0.05884605454320489,102.75752656477079,0.17002498640577693,296.89920918043737,0.3220750881287893,562.4105079117254,3.0
5221,2.0,164.0,304.0,1815.85,1815.85,1746.209280511335,0.04160804945468042,72.65636210173754,0.12237521804820797,213.69274146037898,0.2377228047375313,415.11376782186113,3.0
5382,2.0,284.0,347.0,1647.375,1647.375,1746.2092805112097,0.05393734668503987,94.18589534756715,0.15894920117815392,277.5585702271357,0.3096467748776172,540.7080719716605,3.0
5416,2.0,173.0,207.0,2164.085,2164.085,1746.2092805115954,0.08432348983805409,147.24646052033523,0.24619495284396245,429.9079114712418,0.4732571495316202,826.406026580579,3.0
5446,2.0,119.0,196.0,1297.9650000000001,1297.9650000000001,1746.2092805109453,0.07037925264688132,122.89690412740866,0.20527033432474445,358.4449628114532,0.39401043580263756,688.0246796167278,3.0
5463,2.0,286.0,301.0,771.635,771.635,1746.2092805105412,0.06663810821028762,116.36408299246995,0.1959261107308132,342.12799285248195,0.3804151682083908,664.2844971724705,3.0
5533,2.0,248.0,318.0,1026.365,1026.365,1746.2092805107427,0.05624193348039526,98.21018619733405,0.16551724985931426,289.02775778895,0.3218140642890878,561.954705660486,3.0
5557,3.0,264.0,278.0,2221.9633333333336,2221.9633333333336,1746.2092805117998,0.09397746773787596,164.10432632287726,0.27458890404347486,479.48969256627987,0.5283613134424197,922.6294289965572,4.0
5595,2.0,199.0,357.0,1454.575,1454.575,1746.2092805110603,0.036876116550987055,64.39341695054111,0.1087294973205097,189.8644572863765,0.21197958400160782,370.1607168624815,3.0
5669,2.0,118.0,352.0,1126.14,1126.14,1746.209280510816,0.018656377375000702,32.57793931293824,0.055004790221784124,96.04987515783002,0.10722740235484941,187.24148511710536,3.0
5740,2.0,63.0,185.0,3045.59,3045.59,1746.2092805122645,0.04274454923385423,74.64092856346966,0.12454250735039109,217.47728215351984,0.23871017674094236,416.83792597775647,3.0
5793,2.0,263.0,324.0,3865.865,3865.865,1746.2092805128857,0.056931294610054174,99.41395499968982,0.16759416489203763,292.65448609428296,0.3259873823572079,569.242192402259,3.0
5798,2.0,155.0,165.0,1891.195,1891.195,1746.2092805113873,0.1066951834728824,186.31211956621243,0.3099382156663153,541.2169885816596,0.5915378677372027,1032.948914416621,3.0
5852,2.0,227.0,230.0,2289.79,2289.79,1746.2092805116893,0.08456884070897124,147.67489448812032,0.2474279183371085,432.06092725794724,0.47704436165364744,833.0192915353738,3.0
5889,2.0,200.0,255.0,1173.345,1173.345,1746.209280510853,0.06824890442622457,119.17687029377157,0.20008769317011246,349.3949867296584,0.3868992094534523,675.6069901699308,3.0
5924,2.0,304.0,304.0,376.98,376.98,1746.2092805102557,0.06778024745220387,118.35849713632001,0.1993147868369254,348.0453305175625,0.3870803192183082,675.923245721882,3.0
5926,2.0,230.0,237.0,770.19,770.19,1746.2092805105406,0.08192228633316258,143.0534566756103,0.23982638185297256,418.7870537029254,0.462778612925907,808.108308713014,3.0
5944,2.0,187.0,270.0,1079.2250000000001,1079.2250000000001,1746.2092805107823,0.05918162630399781,103.343505087762,0.17369249536192768,303.3034473560741,0.33638132517033675,587.3921918029572,3.0
5952,2.0,172.0,307.0,2894.87,2894.87,1746.2092805121486,0.04296307952223561,75.02252818110927,0.12637934057141378,220.68477737080826,0.2455536863026154,428.7881258855959,3.0
5979,2.0,75.0,266.0,1184.27,1184.27,1746.209280510862,0.021192902300122947,37.00724267743468,0.06220068277534294,108.61540951641597,0.1204654997726538,210.35797368438722,3.0
5999,2.0,317.0,346.0,1798.8899999999999,1798.8899999999999,1746.209280511321,0.058046565361574244,101.36145113618792,0.17104659994999744,298.68316023259274,0.33317921449843274,581.8006364306353,3.0
6005,2.0,189.0,208.0,1212.45,1212.45,1746.2092805108834,0.08794711826501841,153.5740741085634,0.25679356737944115,448.415310533477,0.4936821402242443,862.0723348820507,3.0
6058,2.0,150.0,155.0,2553.125,2553.125,1746.209280511885,0.11318426950726389,197.64342182154257,0.328297294542817,573.2757824976109,0.6252633742200984,1091.8407068273116,3.0
6085,2.0,206.0,330.0,4998.02,4998.02,1746.2092805137352,0.04489616887601209,78.39810675080422,0.1322138047578056,230.87297288011115,0.2573058876860545,449.3099290082132,3.0
6088,3.0,87.0,322.0,1580.0666666666666,1580.0666666666666,1746.2092805110753,0.008887537326556715,15.519500160521927,0.026060500883389844,45.50708849734242,0.05040167215168909,88.01186766455612,4.0
6104,2.0,345.0,362.0,2237.43,2237.43,1746.2092805116508,0.05705583873562319,99.63143510752136,0.16823949793346193,293.7813726400319,0.32802821761794454,572.8059178741502,3.0
6116,3.0,276.0,314.0,2086.763333333334,2086.763333333334,1746.2092805116483,0.07992757950526151,139.57028110092028,0.23413423885238782,408.8473807695706,0.452169936836381,789.5833400720544,4.0
6135,2.0,172.0,361.0,2828.8450000000003,2828.8450000000003,1746.2092805120988,0.030025153980708846,52.430202529918574,0.08854811587104987,154.62354170588793,0.17268686540091485,301.54740698562114,3.0
6210,2.0,203.0,229.0,397.25,397.25,1746.209280510271,0.0803945354253753,140.38568386210207,0.23520180563932977,410.71157580017064,0.45343637921113505,791.7948134994585,3.0
6243,2.0,209.0,247.0,2157.905,2157.905,1746.2092805115922,0.07358529834095628,128.49533087219214,0.2155988481694876,376.48070954116895,0.4165223085119942,727.3351206637568,3.0
6256,2.0,114.0,215.0,4756.1,4756.1,1746.209280513559,0.05724545466878719,99.96254420985444,0.16729676242606287,292.135159148263,0.3220313233722048,562.334085488607,3.0
6276,2.0,75.0,214.0,1792.745,1792.745,1746.2092805113168,0.036908771709826926,64.45043969197332,0.1078704187932342,188.3643263893879,0.20765924323384027,362.61649771888875,3.0
6283,2.0,135.0,214.0,3268.67,3268.67,1746.2092805124325,0.06722336495586809,117.38606375321109,0.19642422660252343,342.99780741080343,0.37800986977185247,660.0843427209048,3.0
6312,2.0,316.0,357.0,2070.39,2070.39,1746.2092805115208,0.055367121463567724,96.68258133489057,0.16322906323389638,285.0321050682317,0.3181716908394738,555.5943593399315,3.0
6339,2.0,191.0,275.0,2323.43,2323.43,1746.2092805117131,0.058366765298386095,101.9205872374908,0.17135660239065956,299.22448937152535,0.33201231714644913,579.7629894453277,3.0
6341,2.0,115.0,342.0,3559.75,3559.75,1746.2092805126592,0.019441059517380795,33.9481585522493,0.057293494712928654,100.046432180719,0.11161914873685047,194.91039340721116,3.0
6436,3.0,209.0,243.0,1311.2033333333334,1311.2033333333334,1746.209280510778,0.09734380486241054,169.98265545097146,0.28358101497915217,495.19180013326144,0.5433585143374532,948.8176803806093,4.0
6456,2.0,209.0,210.0,2031.815,2031.815,1746.209280511489,0.09118385959863427,159.22610186399177,0.2662903776090551,464.9987286918408,0.5120650620981841,894.172763661541,3.0
6459,3.0,190.0,234.0,1919.33,1919.33,1746.2092805114519,0.09545637838765972,166.68681382454417,0.27784402647282586,485.17381756151804,0.5317179294031934,928.4907829381893,4.0
6478,2.0,255.0,347.0,2548.69,2548.69,1746.2092805118825,0.049730661922436054,86.84014337495674,0.1465567122913671,255.91869112449513,0.2855173016944321,498.5729619655284,3.0
6511,2.0,129.0,280.0,887.3499999999999,887.3499999999999,1746.2092805106345,0.037642661250099636,65.73196441804203,0.11056435679406389,193.0685059274834,0.21436607283569592,374.32802581231084,3.0
6545,2.0,57.0,325.0,2419.29,2419.29,1746.2092805117895,0.008074377335905075,14.0995526383115,0.02377943369457942,41.52386780278933,0.04628197316494861,80.81801106103086,3.0
6571,2.0,284.0,301.0,1214.345,1214.345,1746.2092805108848,0.0663947064417256,115.93905256533706,0.1952107957107189,340.87890312597176,0.37902720411317015,661.8608213885111,3.0
6599,2.0,157.0,330.0,1813.76,1813.76,1746.2092805113325,0.03293655722982994,57.514121902821664,0.09700265449093927,169.38693550631243,0.1888042230876829,329.6916865554439,3.0
6691,2.0,175.0,266.0,418.29999999999995,418.29999999999995,1746.2092805102857,0.057422845461011396,100.27230565732603,0.16848853946133815,294.2162512670122,0.32618619648012687,569.589363467949,3.0
6705,2.0,139.0,205.0,1979.63,1979.63,1746.20928051145,0.07388562724105423,129.0197679847385,0.21569282467003362,376.64481217854177,0.41454941661308636,723.8900385203789,3.0
6743,2.0,127.0,335.0,906.6500000000001,906.6500000000001,1746.2092805106477,0.02377878161984786,41.522729143814345,0.07005270352547917,122.32668102105269,0.13640838250368859,238.19758346738726,3.0
6787,2.0,321.0,355.0,1791.3049999999998,1791.3049999999998,1746.2092805113155,0.05634828169575943,98.395892438001,0.16610694229934633,290.05748420047615,0.3237398411142722,565.3175150250008,3.0
6861,2.0,271.0,274.0,2981.59,2981.59,1746.2092805122143,0.07348773876562407,128.32497143638997,0.21571354914022178,376.6810014408829,0.4178552813209596,729.6627701537018,3.0
6947,2.0,248.0,363.0,1363.13,1363.13,1746.20928051099,0.0448214106179401,78.26756318664083,0.13218051838913197,230.81484791385583,0.2577682145116916,450.1172484010635,3.0
6992,2.0,125.0,323.0,267.205,267.205,1746.2092805101677,0.025560533522897153,44.63404085247426,0.07525859213289085,131.4172520205835,0.1464239723907861,255.68689947795528,3.0
7003,2.0,261.0,335.0,2536.615,2536.615,1746.2092805118723,0.05369659858877451,93.76549878763876,0.15815648824748188,276.1743275509197,0.3078681343372596,537.6021933535985,3.0
7015,4.0,258.0,281.0,2180.1075,2180.1075,1746.2092805118966,0.11182590119052943,195.27142646050885,0.3252952078858178,568.0335109162617,0.6219485260453418,1086.052288181071,5.0
7072,2.0,105.0,130.0,1316.1799999999998,1316.1799999999998,1746.2092805109573,0.11796664811156063,205.99445572317757,0.34069389342370293,594.9228385098811,0.644971427269489,1126.2550919623795,3.0
7111,2.0,144.0,186.0,601.9549999999999,601.9549999999999,1746.209280510423,0.08770042669280437,153.143298995699,0.25547345864622456,446.1101244121331,0.4895145944185594,854.7949277189841,3.0
7142,2.0,222.0,301.0,2674.18,2674.18,1746.2092805119805,0.05657114274077426,98.78505446310797,0.16633924582546708,290.4631347737943,0.3230010580827467,564.0274452392815,3.0
7171,3.0,262.0,318.0,2501.66,2501.66,1746.2092805121208,0.07449702060184017,130.08738874543596,0.21828755662281246,381.17575719507016,0.42173616237863465,736.4396006731386,4.0
7189,2.0,23.0,154.0,1840.6100000000001,1840.6100000000001,1746.2092805113502,0.02685704332029853,46.89801829300066,0.07793990799314458,136.09939065982985,0.1485490047200149,259.3976506528144,3.0
7249,2.0,157.0,261.0,2572.13,2572.13,1746.2092805118978,0.053852405998450294,94.03757113238849,0.15796304810932102,275.83654058644373,0.3056728719475777,533.7688057955851,3.0
7344,2.0,211.0,306.0,3642.8050000000003,3642.8050000000003,1746.2092805127186,0.05275500333353661,92.12127641450104,0.1551640570422811,270.94891640923606,0.30142860458938264,526.3574267459786,3.0
7391,2.0,195.0,213.0,1090.085,1090.085,1746.2092805107911,0.0866478530345127,151.3052851052012,0.25312387166226746,442.0072538154739,0.48696622893171937,850.3449482559109,3.0
7411,2.0,230.0,256.0,463.89500000000004,463.89500000000004,1746.209280510323,0.07396763802660292,129.1629759794823,0.21686034591391873,378.6835486095638,0.4193503648055067,732.2734988087653,3.0
7462,2.0,310.0,363.0,3428.96,3428.96,1746.209280512559,0.05335478924342893,93.16862813666725,0.15733650501612848,274.7424652225743,0.306798848888917,535.734997180397,3.0
7508,2.0,132.0,339.0,1145.9950000000001,1145.9950000000001,1746.2092805108316,0.02436444316764812,42.54541677382587,0.07179060313319567,125.36141744465627,0.1398277496216961,244.16851406235068,3.0
7512,2.0,65.0,351.0,2191.55,2191.55,1746.2092805116174,0.007609476009628726,13.28773762784419,0.02243633090210772,39.17852924189009,0.043741346561566266,76.38154530788194,3.0
7517,2.0,73.0,77.0,2239.16,2239.16,1746.209280511652,0.17698436593483707,309.0517423008828,0.5037298571473289,879.6177514214744,0.9347124323855843,1632.2035240413272,3.0
7542,3.0,328.0,346.0,1114.12,1114.12,1746.2092805105435,0.07807320213879608,136.33215013394133,0.22912256235076733,400.09594475126556,0.44366121577609696,774.7253323908113,4.0
7549,2.0,185.0,328.0,1636.47,1636.47,1746.209280511201,0.0405899988330746,70.87863265825368,0.11952519652633321,208.71600742920822,0.2325912581801431,406.15301359994265,3.0
7600,2.0,271.0,287.0,269.175,269.175,1746.2092805101695,0.06911753887179677,120.69368782395391,0.20305219599881805,354.571629081106,0.39379399027075596,687.6467204199255,3.0
7609,2.0,173.0,234.0,2911.41,2911.41,1746.2092805121606,0.07040819380522288,122.94744144677901,0.20608542921777778,359.86828907841556,0.3975785679269406,694.2553850467581,3.0
7701,2.0,45.0,46.0,2835.6000000000004,2835.6000000000004,1746.2092805121035,0.23164117737481843,404.49397368065826,0.6493661469888701,1133.9291923223516,1.1808489380849547,2062.0093745668105,3.0
7719,2.0,101.0,256.0,923.7049999999999,923.7049999999999,1746.2092805106647,0.03436367421244966,60.0061668222246,0.10077711229511298,175.97792875279168,0.19495657238352776,340.43497599266533,3.0
7744,3.0,184.0,256.0,2987.2833333333333,2987.2833333333333,1746.2092805126779,0.07764327464103252,135.58140674756564,0.2264841765772889,395.4887710285339,0.43476259798314043,759.1864834179622,4.0
7787,2.0,59.0,80.0,989.9100000000001,989.9100000000001,1746.2092805107147,0.15716017817398986,274.4345616541386,0.44785491103267494,782.0484019675574,0.8324127787796695,1453.5669195207713,3.0
7807,2.0,348.0,362.0,658.54,658.54,1746.2092805104617,0.05731675882826356,100.08705619469376,0.1690085682237983,295.1243303181821,0.329526874616816,575.4228866334914,3.0
7839,2.0,96.0,116.0,3667.67,3667.67,1746.2092805127365,0.12938818797521953,225.9388546310548,0.3725584431467087,650.5650109561595,0.7023612950852742,1226.4698117508506,3.0
7867,2.0,323.0,334.0,2817.235,2817.235,1746.20928051209,0.061591850273280055,107.55226055111274,0.1813928655706303,316.7499052781166,0.3530491204949381,616.4976506848919,3.0
7882,2.0,103.0,242.0,3632.52,3632.52,1746.2092805127095,0.04009925983464039,70.02169966493959,0.11747116354224313,205.1292359700912,0.2269018314671764,396.2180838733142,3.0
7923,2.0,128.0,273.0,2140.405,2140.405,1746.2092805115776,0.03947837092570782,68.93749768994944,0.1159041111207772,202.3928344885463,0.2245738761833154,392.1529867517633,3.0
7927,2.0,131.0,153.0,1915.8,1915.8,1746.209280511405,0.1078820186186734,188.38458211223167,0.31283328005729266,546.2723768888679,0.5955859105993502,1040.0176444304213,3.0
7943,2.0,89.0,302.0,1653.995,1653.995,1746.2092805112156,0.018883395567428025,32.97436058740717,0.05554254653275422,96.98891021872146,0.10790626625352882,188.42692355722625,3.0
7946,2.0,285.0,293.0,933.38,933.38,1746.2092805106718,0.06896701289683849,120.43083796955855,0.20268031179224738,353.92224142841894,0.3932690539236751,686.7300716991733,3.0
7961,3.0,104.0,224.0,2532.65,2532.65,1746.2092805121554,0.04584046327080933,80.04704238646384,0.13333587067939856,232.83233480553434,0.2549220790822043,445.1473003007988,4.0
7986,2.0,95.0,277.0,1214.09,1214.09,1746.2092805108846,0.026090421389166184,45.55933596220168,0.07662570622026264,133.80451932752325,0.14854442001215265,259.3896447933277,3.0
8000,2.0,218.0,351.0,2926.0499999999997,2926.0499999999997,1746.209280512173,0.042158392131846856,73.61737559210236,0.12426882950841475,216.99938336597884,0.2421748837205401,422.8880294597635,3.0
8051,2.0,71.0,266.0,1109.275,1109.275,1746.2092805108052,0.019710518290700505,34.418689962899194,0.05785064273318884,101.01932922420932,0.11204270423973725,195.65000995695652,3.0
8079,2.0,38.0,340.0,342.455,342.455,1746.2092805102284,0.0041898086627317754,7.316282770424376,0.012348176815900794,21.562500953307207,0.02405861059766081,42.01136910181704,3.0
8080,2.0,236.0,335.0,1850.165,1850.165,1746.209280511357,0.04953943752665689,86.50622556036085,0.14591633876450827,254.80046492882343,0.28405341439226367,496.0167083727091,3.0
8160,2.0,78.0,212.0,1249.575,1249.575,1746.2092805109085,0.03944435472340442,68.87809828177309,0.11525696128052715,201.26277543154293,0.2218131216056795,387.33213148693227,3.0
8161,2.0,204.0,324.0,916.53,916.53,1746.2092805106574,0.04605916841227443,80.42894733411693,0.1355991826384228,236.78455115287352,0.26378322578248986,460.6207169044219,3.0
8209,2.0,70.0,82.0,531.62,531.62,1746.2092805103687,0.16420722949524671,286.74018807149577,0.4682409690547133,817.6467256785087,0.8710695711986042,1521.06976919719,3.0
8215,2.0,182.0,205.0,892.62,892.62,1746.2092805106388,0.08788529595617804,153.4661194191022,0.2565368860132276,447.96709114959793,0.49298078997996037,860.847630576473,3.0
8241,2.0,228.0,320.0,2341.415,2341.415,1746.2092805117259,0.05211306887929386,91.00032451296974,0.15338571470474338,267.8435585153468,0.29828164829237386,520.8621824544779,3.0
8327,2.0,247.0,329.0,1357.135,1357.135,1746.2092805109871,0.053040289802612536,92.61944629431429,0.15618100611549943,272.72472231842835,0.3039034197043861,530.6789718668247,3.0
8341,2.0,186.0,264.0,2309.145,2309.145,1746.2092805117034,0.06120119994256,106.8701033181506,0.17954612678379056,313.52511286978597,0.3475132448757646,606.8308533027963,3.0
8363,2.0,134.0,161.0,1051.77,1051.77,1746.2092805107623,0.10231477824220159,178.66301529993302,0.29705474854704067,518.7197587326333,0.566523344272053,989.2683213938525,3.0
8377,2.0,236.0,302.0,1643.895,1643.895,1746.209280511206,0.05890920188195672,102.86779503378102,0.17322051374273803,302.47926867248805,0.33638149474255813,587.3924879116864,3.0
8408,2.0,116.0,128.0,1194.5949999999998,1194.5949999999998,1746.2092805108696,0.12598565249287383,219.99731559427366,0.3636906816025376,635.0800434496749,0.6880788858901319,1201.529736264928,3.0
8501,2.0,171.0,319.0,584.3050000000001,584.3050000000001,1746.209280510411,0.03939087641813216,68.78471396878108,0.1159450324065024,202.46429161731484,0.22548648497432722,393.7465926918415,3.0
8531,2.0,202.0,310.0,982.325,982.325,1746.2092805107084,0.04956802559876273,86.55614631715184,0.14582415730293957,254.63949680504646,0.28337898005184925,494.83900486819806,3.0
8608,2.0,319.0,347.0,4712.985,4712.985,1746.2092805135253,0.05801445556237604,101.30538070696055,0.17095933902952948,298.5307844038225,0.3330299765099349,581.5400356708496,3.0
8613,2.0,79.0,152.0,1032.17,1032.17,1746.2092805107482,0.07790318269215905,136.03526059837242,0.22591436580874966,394.4937621759387,0.4301417811652166,751.1175702061246,3.0
8653,2.0,49.0,248.0,491.385,491.385,1746.2092805103407,0.015066206028348288,26.308748788782623,0.04416567003276632,77.122502891174,0.08538899969596078,149.1070637225814,3.0
8708,2.0,23.0,62.0,2273.73,2273.73,1746.209280511678,0.14111796003561666,246.42149146106988,0.3992628348508323,697.1964675799247,0.7349682066058953,1283.4083032562387,3.0
8750,2.0,346.0,364.0,889.315,889.315,1746.2092805106356,0.05670651348300157,99.02144010941883,0.16722307743122033,292.0064897259456,0.32608494028022567,569.4125489520865,3.0
8846,2.0,265.0,313.0,909.565,909.565,1746.2092805106502,0.060315371221939564,105.32326098519586,0.17745570069444724,309.874791432164,0.34488708396200224,602.2450267427041,3.0
8952,2.0,185.0,268.0,2857.165,2857.165,1746.20928051212,0.05940845141127558,103.73958919522276,0.17433520435756047,304.4257517691491,0.3375621107342554,589.4540905134166,3.0
9059,2.0,84.0,110.0,1306.4,1306.4,1746.2092805109505,0.12912460658519742,225.47858636139713,0.3712799270323848,648.3324542513789,0.6986014596794081,1219.904352270679,3.0
9068,2.0,186.0,361.0,1849.935,1849.935,1746.209280511357,0.03318904517591324,57.95501869749039,0.09787654571064688,170.91293246432565,0.19087265927298297,333.303609018365,3.0
9197,3.0,234.0,321.0,896.2133333333335,896.2133333333335,1746.2092805103098,0.0644214793771948,112.4933851526611,0.18881136701009207,329.7041613388609,0.3649174566639035,637.2222494467271,4.0
9205,2.0,204.0,229.0,1269.095,1269.095,1746.209280510924,0.08061095195723947,140.76359241855178,0.2358346042503619,411.81657460760294,0.4546553602282458,793.9234094646,3.0
9271,2.0,285.0,306.0,1095.28,1095.28,1746.2092805107939,0.06503199021838436,113.55946484942994,0.19125711235752807,333.97494456241117,0.37149871848154026,648.7145099103324,3.0
9308,2.0,249.0,353.0,1033.96,1033.96,1746.2092805107493,0.047306721258891946,82.60743569281227,0.13945090616359843,243.51046651850922,0.27178000119277795,474.5847603400514,3.0
9321,2.0,98.0,242.0,527.305,527.305,1746.2092805103655,0.037818986159447704,66.03986461112065,0.1107930067475359,193.46777659819472,0.21400798617224814,373.70273155731365,3.0
9336,3.0,153.0,232.0,1794.5633333333335,1794.5633333333335,1746.2092805113186,0.0762421756436962,133.13479467539634,0.2219015107094109,387.48647736025504,0.4246169852140135,741.4701202434477,4.0
9348,2.0,206.0,319.0,1772.71,1772.71,1746.2092805113014,0.04787865364817663,83.60614933883231,0.1409197534936325,246.07538135794596,0.27403221748199674,478.51760132615397,3.0
9368,2.0,133.0,146.0,2011.5700000000002,2011.5700000000002,1746.209280511475,0.11504237599828937,200.88806462030348,0.3332075236135563,581.8500700702385,0.6333391544925057,1105.9427092861042,3.0
9385,3.0,181.0,327.0,455.3666666666666,455.3666666666666,1746.2092805098064,0.04123253767637804,72.00063994946157,0.12090924870680442,211.13285219129017,0.23385472379859307,408.3592889881607,4.0
9395,2.0,77.0,252.0,1890.31,1890.31,1746.2092805113869,0.025347935552482024,44.26280030354864,0.07432107576223833,129.78015223361047,0.14373259200769997,250.98718607580247,3.0
9476,3.0,141.0,146.0,2287.7533333333336,2287.7533333333336,1746.2092805118718,0.15620728075767176,272.77060334257,0.44885725169495616,783.7986985347856,0.8436226146113955,1473.1416388841092,4.0
9528,2.0,246.0,273.0,3045.375,3045.375,1746.2092805122645,0.07025796121116996,122.68510389681569,0.20622439876946833,360.1109589993076,0.39945028367589475,697.5237924581041,3.0
9538,2.0,103.0,250.0,571.74,571.74,1746.2092805104,0.03721761036278544,64.98973661391597,0.10909731706850868,190.50674754381555,0.21091533820164374,368.3023209697,3.0
9614,2.0,117.0,256.0,1542.725,1542.725,1746.2092805111286,0.04099993836940665,71.59447288104221,0.1202329828816082,209.9519505313999,0.2325776244747649,406.1292062970667,3.0
9629,2.0,269.0,359.0,2682.075,2682.075,1746.209280511987,0.0490082520756296,85.57866459613525,0.14450039606046175,252.32793263843607,0.281716238142696,491.9355095157007,3.0
9636,3.0,268.0,283.0,1818.9333333333332,1818.9333333333332,1746.2092805113452,0.0924210193353923,161.3864416777805,0.27014455704746365,471.72893259590757,0.5200940413727417,908.1930417837332,4.0
9639,3.0,261.0,289.0,1182.1633333333332,1182.1633333333332,1746.2092805106258,0.08767449422411644,153.09801547822738,0.25638952194020204,447.7097626376635,0.49394021576419533,862.5229887848589,4.0
9658,4.0,178.0,346.0,1633.3449999999998,1633.3449999999998,1746.209280511075,0.02900634337214481,50.651145990130175,0.08482915443137858,148.12945672598045,0.16343144037346216,285.385497907432,5.0
9831,2.0,270.0,343.0,748.76,748.76,1746.2092805105253,0.05299597723842011,92.54206728345376,0.15614913966168778,272.6690768209734,0.3041190038858178,531.0554269650315,3.0
9859,2.0,61.0,335.0,1167.44,1167.44,1746.209280510848,0.008059010924587795,14.072719668253518,0.02374517454012013,41.464044149307675,0.04624624691671683,80.75562555476712,3.0
9873,2.0,103.0,172.0,1796.7649999999999,1796.7649999999999,1746.2092805113186,0.0780605311973593,136.31002401847212,0.22701634543791788,396.41804923145554,0.43397354386174297,757.8086297877613,3.0
9883,2.0,27.0,186.0,728.0600000000001,728.0600000000001,1746.20928051051,0.018552388809210948,32.39635351428349,0.054072659765985284,94.42218030525078,0.10368883559044846,181.0624069933696,3.0
9959,4.0,158.0,304.0,1674.7575,1674.7575,1746.2092805111397,0.03500617059981973,61.12809997656142,0.10207612179105713,178.24627119012933,0.19583630222690435,341.97116840960473,5.0
